{
    "train_f1": 0.9096671949286846,
    "test_f1": 0.36024844720496896,
    "train_precision": 0.9471947194719472,
    "test_precision": 0.35365853658536583,
    "train_recall": 0.875,
    "test_recall": 0.3670886075949367
}